episode,reward,steps,laser_speed,best_reward
1,-110.20,35,0.00,-inf
2,-110.14,46,0.00,-110.20
3,-114.07,51,0.00,-110.14
4,-109.13,59,0.00,-110.14
5,-107.13,59,0.00,-109.13
6,-102.11,61,0.00,-107.13
7,-118.21,62,0.00,-102.11
8,-110.43,62,0.00,-102.11
9,-121.04,63,0.00,-102.11
10,-117.02,65,0.00,-102.11
11,-103.03,65,0.00,-102.11
12,-110.60,65,0.00,-102.11
13,-122.93,68,0.00,-102.11
14,-119.23,73,0.00,-102.11
15,-113.17,75,0.00,-102.11
16,-101.93,77,0.00,-102.11
17,-103.76,77,0.00,-101.93
18,-119.20,81,0.00,-101.93
19,-100.77,85,0.00,-101.93
20,-115.97,88,0.00,-100.77
21,-106.59,90,0.00,-100.77
22,-105.86,101,0.00,-100.77
23,-15.28,106,0.00,-100.77
24,-15.37,106,0.00,-15.28
25,-19.33,106,0.00,-15.28
26,-20.22,106,0.00,-15.28
27,-109.91,45,0.00,-15.28
28,-17.24,106,0.00,-15.28
29,-18.25,107,0.00,-15.28
30,-20.39,107,0.00,-15.28
31,-21.48,107,0.00,-15.28
32,-20.66,107,0.00,-15.28
33,-19.47,107,0.00,-15.28
34,-102.24,72,0.00,-15.28
35,-108.74,42,0.00,-15.28
36,-111.00,55,0.00,-15.28
37,-105.96,65,0.00,-15.28
38,-115.25,59,0.00,-15.28
39,-119.85,86,0.00,-15.28
40,-111.01,43,0.00,-15.28
41,-108.69,87,0.00,-15.28
42,-103.98,85,0.00,-15.28
43,-104.79,85,0.00,-15.28
44,-100.95,61,0.00,-15.28
45,-108.19,51,0.00,-15.28
46,-26.92,108,0.00,-15.28
47,-104.14,55,0.00,-15.28
48,-101.24,82,0.00,-15.28
49,-121.35,88,0.00,-15.28
50,-112.08,63,0.00,-15.28
51,-14.43,108,0.00,-15.28
52,-99.59,63,0.00,-14.43
53,-14.65,107,0.00,-14.43
54,-108.40,97,0.00,-14.43
55,-106.54,51,0.00,-14.43
56,-106.29,71,0.00,-14.43
57,-104.06,71,0.00,-14.43
58,-16.83,107,0.00,-14.43
59,-23.87,107,0.00,-14.43
60,-107.77,38,0.00,-14.43
61,-106.33,80,0.00,-14.43
62,-12.86,107,0.00,-14.43
63,-111.58,62,0.00,-12.86
64,-19.68,108,0.00,-12.86
65,-114.97,50,0.00,-12.86
66,-123.37,107,0.00,-12.86
67,-18.94,107,0.00,-12.86
68,-16.37,107,0.00,-12.86
69,-12.54,107,0.00,-12.86
70,-98.68,67,0.00,-12.54
71,-16.02,107,0.00,-12.54
72,-26.22,109,0.00,-12.54
73,-101.18,75,0.00,-12.54
74,-104.45,58,0.00,-12.54
75,-19.18,107,0.00,-12.54
76,-106.59,52,0.00,-12.54
77,-16.40,107,0.00,-12.54
78,-105.51,58,0.00,-12.54
79,-100.02,73,0.00,-12.54
80,-115.50,78,0.00,-12.54
81,-119.80,88,0.00,-12.54
82,-106.75,55,0.00,-12.54
83,-107.95,54,0.00,-12.54
84,-117.33,76,0.00,-12.54
85,-109.04,76,0.00,-12.54
86,-106.23,76,0.00,-12.54
87,-98.64,75,0.00,-12.54
88,-116.30,64,0.00,-12.54
89,-108.85,44,0.00,-12.54
90,-20.68,107,0.00,-12.54
91,-109.02,53,0.00,-12.54
92,-118.31,72,0.00,-12.54
93,-19.66,107,0.00,-12.54
94,-17.18,107,0.00,-12.54
95,-106.98,63,0.00,-12.54
96,-23.03,110,0.00,-12.54
97,-104.70,68,0.00,-12.54
98,-17.58,107,0.00,-12.54
99,-27.07,108,0.00,-12.54
100,-116.93,85,0.00,-12.54
101,-23.52,108,0.00,-12.54
102,-102.77,70,0.00,-12.54
103,-107.61,62,0.00,-12.54
104,-111.29,56,0.00,-12.54
105,-20.40,107,0.00,-12.54
106,-101.31,72,0.00,-12.54
107,-116.98,73,0.00,-12.54
108,-18.28,107,0.00,-12.54
109,-112.85,65,0.00,-12.54
110,-17.22,107,0.00,-12.54
111,-11.47,105,0.00,-12.54
112,-15.67,107,0.00,-11.47
113,-101.39,79,0.00,-11.47
114,-9.89,107,0.00,-11.47
115,-107.07,77,0.00,-9.89
116,-107.58,97,0.00,-9.89
117,-13.58,107,0.00,-9.89
118,-118.87,104,0.00,-9.89
119,-14.62,107,0.00,-9.89
120,-21.32,107,0.00,-9.89
121,-17.74,107,0.00,-9.89
122,-110.55,69,0.00,-9.89
123,-18.81,107,0.00,-9.89
124,-110.54,58,0.00,-9.89
125,-114.44,50,0.00,-9.89
126,-110.68,48,0.00,-9.89
127,-108.92,47,0.00,-9.89
128,-110.72,60,0.00,-9.89
129,-105.00,51,0.00,-9.89
130,-26.57,108,0.00,-9.89
131,-13.16,107,0.00,-9.89
132,-24.62,107,0.00,-9.89
133,-114.55,98,0.00,-9.89
134,-14.92,107,0.00,-9.89
135,-112.01,66,0.00,-9.89
136,-107.60,71,0.00,-9.89
137,-102.88,66,0.00,-9.89
138,-112.64,54,0.00,-9.89
139,-18.11,107,0.00,-9.89
140,-17.87,107,0.00,-9.89
141,-111.90,55,0.00,-9.89
142,-21.19,106,0.00,-9.89
143,-21.87,107,0.00,-9.89
144,-107.97,67,0.00,-9.89
145,-111.35,78,0.00,-9.89
146,-108.66,48,0.00,-9.89
147,-119.94,95,0.00,-9.89
148,-99.71,78,0.00,-9.89
149,-103.56,71,0.00,-9.89
150,-106.80,67,0.00,-9.89
151,-111.61,49,0.00,-9.89
152,-118.37,71,0.00,-9.89
153,-109.06,95,0.00,-9.89
154,-111.51,56,0.00,-9.89
155,-15.36,107,0.00,-9.89
156,-24.20,108,0.00,-9.89
157,-19.31,107,0.00,-9.89
158,-13.20,107,0.00,-9.89
159,-19.17,108,0.00,-9.89
160,-108.34,47,0.00,-9.89
161,-108.51,68,0.00,-9.89
162,-106.74,46,0.00,-9.89
163,-114.78,90,0.00,-9.89
164,-16.94,107,0.00,-9.89
165,-109.47,70,0.00,-9.89
166,-111.30,46,0.00,-9.89
167,-114.71,66,0.00,-9.89
168,-113.57,53,0.00,-9.89
169,-116.12,66,0.00,-9.89
170,-107.63,51,0.00,-9.89
171,-103.57,99,0.00,-9.89
172,-19.06,107,0.00,-9.89
173,-122.13,90,0.00,-9.89
174,-12.89,107,0.00,-9.89
175,-117.19,67,0.00,-9.89
176,-109.12,42,0.00,-9.89
177,-19.15,107,0.00,-9.89
178,-105.87,45,0.00,-9.89
179,-108.90,60,0.00,-9.89
180,-16.78,107,0.00,-9.89
181,-21.86,107,0.00,-9.89
182,-109.88,46,0.00,-9.89
183,-117.16,85,0.00,-9.89
184,-106.75,72,0.00,-9.89
185,-98.16,96,0.00,-9.89
186,-119.42,84,0.00,-9.89
187,-104.22,85,0.00,-9.89
188,-19.74,107,0.00,-9.89
189,-110.79,72,0.00,-9.89
190,-15.67,107,0.00,-9.89
191,-126.70,87,0.00,-9.89
192,-19.84,108,0.00,-9.89
193,-102.27,84,0.00,-9.89
194,-14.38,107,0.00,-9.89
195,-115.43,67,0.00,-9.89
196,-102.95,51,0.00,-9.89
197,-109.96,52,0.00,-9.89
198,-111.02,72,0.00,-9.89
199,-111.17,68,0.00,-9.89
200,-113.62,88,0.00,-9.89
201,-33.16,108,0.00,-9.89
202,-109.38,65,0.00,-9.89
203,-19.57,107,0.00,-9.89
204,-16.92,107,0.00,-9.89
205,-16.50,107,0.00,-9.89
206,-15.80,107,0.00,-9.89
207,-103.97,102,0.00,-9.89
208,-18.56,107,0.00,-9.89
209,-19.11,107,0.00,-9.89
210,-101.57,65,0.00,-9.89
211,-115.32,46,0.00,-9.89
212,-17.26,107,0.00,-9.89
213,-26.84,108,0.00,-9.89
214,-118.59,74,0.00,-9.89
215,-15.97,107,0.00,-9.89
216,-107.25,67,0.00,-9.89
217,-104.12,72,0.00,-9.89
218,-23.19,107,0.00,-9.89
219,-99.98,61,0.00,-9.89
220,-130.16,106,0.00,-9.89
221,-117.89,97,0.00,-9.89
222,-15.08,107,0.00,-9.89
223,-119.86,93,0.00,-9.89
224,-21.27,107,0.00,-9.89
225,-119.94,93,0.00,-9.89
226,-111.92,61,0.00,-9.89
227,-37.07,110,0.00,-9.89
228,-119.08,86,0.00,-9.89
229,-102.48,70,0.00,-9.89
230,-117.83,91,0.00,-9.89
231,-119.62,90,0.00,-9.89
232,-110.88,56,0.00,-9.89
233,-117.87,69,0.00,-9.89
234,-102.44,70,0.00,-9.89
